"COALINEA","NOALINEA"
"192208","Restituição de Garantias Prestadas                                    "
"192209","Restituição de Recursos de Fomento                                    "
"732101","Remuneração de Depósitos Bancários                                    "
"732100","Juros e Correções Monetárias                                          "
"792299","Outras Restituições                                                   "
"711303","Imposto sobre a Renda - Retido na Fonte                               "
"772499","OUTRAS TRANSFERÊNCIAS DE CONVÊNIOS DOS ESTADOS E DF E DE SUAS ENTIDADE"
"211255","Operações de Crédito Internas para Refinanciamento da Dívida Contratua"
"211256","Operações de Crédito Internas para Programas de Moradia Popular       "
"211999","Outras Operações de Crédito - Mercado Interno                         "
"293100","Remuneração das Disponibilidades do Tesouro                           "
"294100","Resgate de Títulos do Tesouro                                         "
"171451","Transferências Diretas do FNDE referentes ao Programa Dinheiro Direto "
"172300","Transferências de Recursos do Sistema Único de Saúde ¿ SUS            "
"172951","Transferências de Estados destinadas à Assistência Social             "
"172450","Transferências de Convênio dos Estados para o Sistema Único de Saúde -"
"243950","Transferências de Municípios a Consórcios Públicos                    "
"163201","Serviços de Assistência à Saúde Suplementar do Servidor Civil         "
"711450","Impostos sobre a Produção, circulação de Mercadorias e Serviços       "
"711451","Imposto sobre Serviços                                                "
"171957","Transferência Especial da União                                       "
"191111","Multa por Descumprimento de Obrigação Previdenciária Acessória        "
"171152","Cota-Parte do Imposto Sobre a Propriedade Territorial Rural           "
"171155","Cota-Parte do Imposto Sobre Operações de Crédito, Câmbio e Seguro, ou "
"171700","Transferências de Convênios da União e de Suas Entidades              "
"171751","Transferências de Convênios da União Destinadas a Programas de Educaçã"
"171754","Transferências de Convênios da União Destinadas a Programas de Saneame"
"246100","Transferências do Exterior                                            "
"246150","Transferências do Exterior para Programas de Saúde                    "
"199910","Reserva Global de Reversão                                            "
"721500","Contribuições para  Regimes Próprios de Previdência e Sistema de Prote"
"173251","Transferências de Convênio dos Municípios destinadas a Programas de Ed"
"172150","Cota-Parte do ICMS                                                    "
"172153","Cota-Parte da Contribuição de Intervenção no Domínio Econômico        "
"194900","Multas e Juros de Mora de Outras Receitas de Capital                  "
"199916","Títulos Executivos Extrajudiciais                                     "
"193105","Receitas Reconhecidas por Força de Decisões Judiciais e de Tribunais A"
"191114","Multas Previstas no Código de Trânsito Brasileiro - CTB               "
"194000","Multas e Juros de Mora das Receitas de Capital                        "
"194103","Multas e Juros de Mora de Bens Móveis e Semoventes                    "
"199900","Outras Receitas Correntes                                             "
"244100","Transferências de Instituições Privadas                               "
"193103","Depósitos Abandonados (Dinheiro e/ou Objetos de Valor)                "
"242253","Transferências de Convênios dos Estados destinadas a Programas de Meio"
"242951","Transferências de Recursos Destinados a Programas de Educação         "
"193101","Bens, Direitos e Valores Perdidos em Favor do Poder Público           "
"245100","Transferências de Outras Instituições Públicas                        "
"249000","Demais Transferências de Capital                                      "
"191107","Multas Aplicadas pelos Tribunais de Contas                            "
"141100","Receita Agropecuária                                                  "
"194203","Multas e Juros de Mora do Adicional sobre Alienações de Bens Imóveis  "
"194403","Multas e Juros de Mora de Amortização de Empréstimos - Estados e Munic"
"162102","Serviços de Transporte de Passageiros ou Mercadorias                  "
"791114","Multas Previstas no Código de Trânsito Brasileiro - CTB               "
"171959","Transferência de Recursos do Fundo de Amparo ao Trabalhador - FAT     "
"212251","Operações de Crédito Externas para Programas de Saúde                 "
"212254","Operações de Crédito Externas para Programas de Modernização da Admini"
"243251","Transferências de Convênios dos Municípios destinados a Programas de E"
"799999","Outras Receitas                                                       "
"246101","Transferências do Exterior para Órgãos e Entidades da União           "
"171498","Outras Transferências Diretas do Fundo Nacional do Desenvolvimento da "
"174151","Transferências de Convênios de Instituições Privadas para Programas de"
"176151","Transferência de Convênios do Exterior - Programas de Educação        "
"179101","Transferências de Pessoas Físicas para Órgãos e Entidades da União    "
"134601","Concessão de Florestas Nacionais                                      "
"175999","Demais Transferências de Outras Instituições Públicasda               "
"132103","Remuneração de Saldos de Recursos Não-Desembolsados                   "
"135100","Exploração do Patrimônio Intangível                                   "
"799912","Encargos Legais pela Inscrição em Dívida Ativa e Receitas de Ônus de S"
"242252","Transferências de Convênios dos Estados destinadas a Programas de Sane"
"242900","Outras Transferências de Recursos dos Estados                         "
"191109","Multas e Juros Previstos em Contratos                                 "
"191110","Multas Previstas na Legislação sobre Regime de Previdência Privada Com"
"175100","Transferências de Recursos do Fundo de Manutenção e Desenvolvimento da"
"242100","Transferências de Recursos do Sistema Único de Saúde - SUS dos Estados"
"242150","Transferências de Recursos do Sistema Único de Saúde - SUS            "
"242200","Transferências de Convênios dos Estados e DF e de Suas Entidades      "
"242201","Transferências de Convênios dos Estados e DF e de Suas Entidades para "
"173200","Transferências de Convênios dos Municípios e de Suas Entidades        "
"173250","Transferências de Convênio dos Municípios para o Sistema Único de Saúd"
"124100","Contribuição para o Custeio do Serviço de Iluminação Pública          "
"172400","Transferência de Convênios dos Estados e do Distrito Federal e de Suas"
"172451","Transferências de Convênio dos Estados Destinadas a Programas de Educa"
"173100","Transferências de Recursos do Sistema Único de Saúde - SUS            "
"173950","Transferências de Municípios a Consórcios Públicos                    "
"169999","Outros Serviços                                                       "
"171150","Cota-Parte do Fundo de Participação dos Estados e do Distrito Federal "
"769999","Outros Serviços                                                       "
"131199","Outras Receitas Imobiliárias                                          "
"135102","Direito de Uso da Imagem e de Reprodução dos Bens do Acervo Patrimonia"
"132106","Juros sobre o Capital Próprio                                         "
"132201","Dividendos                                                            "
"132301","Participações                                                         "
"132999","Outros Valores Mobiliários                                            "
"199908","Prêmio do Seguro Obrigatório de Danos Pessoais Causados por Veículos A"
"131102","Concessão, Permissão, Autorização ou Cessão do Direito de Uso de Bens "
"171153","Cota-Parte do Imposto Sobre Produtos Industrializados - Estados Export"
"171250","Cota-parte da Compensação Financeira de Recursos Hídricos             "
"171550","Transferências de Recursos de Complementação da União ao Fundo de Manu"
"241951","Transferência Especial da União                                       "
"243299","Outras Transferências de Convênios dos Municípios e de Suas Entidades "
"249199","Outras Transferências de Pessoas Físicas                              "
"171450","Transferências do Salário-Educação                                    "
"199903","Compensações Financeiras entre o Regime Geral e os Regimes Próprios de"
"199905","Barreiras Técnicas ao Comércio Exterior                               "
"199906","Contrapartida de Subvenções ou Subsídios                              "
"241150","Transferências de Recursos do Sistema Único de Saúde - SUS - Fundo a F"
"242251","Transferências de Convênios dos Estados destinadas a Programas de Educ"
"242254","Transferências de Convênios dos Estados destinadas a Programas de  Inf"
"242999","Outras Transferências de Recursos dos Estados                         "
"199911","Variação Cambial                                                      "
"121502","Contribuição Patronal - Servidor Civil                                "
"241401","Outras Transferências de Convênios da União e de Suas Entidades       "
"222101","Alienação de Bens Imóveis                                             "
"223100","Alienação de Bens Intangíveis                                         "
"231106","Amortização de Empréstimos Contratuais                                "
"179150","Transferências de Pessoas Físicas - Programas de Saúde                "
"163200","Serviços de Assistência à Saúde de Servidores Civis e Militares       "
"241954","Transferências de Recursos do Fundo Nacional de Segurança Pública - FN"
"171400","Transferências de Recursos do Fundo Nacional do Desenvolvimento da Edu"
"231103","Amortização de Empréstimos - Estados e Municípios                     "
"241451","Transferências de Convênios da União destinadas a Programas de Educaçã"
"163150","Serviços Hospitalares                                                 "
"171100","Transferências Decorrentes de Participação na Receita da União        "
"171154","Cota-Parte da Contribuição de Intervenção no Domínio Econômico        "
"176100","Transferências do Exterior                                            "
"176150","Transferência de Convênios do Exterior - Programas de Saúde           "
"179000","Demais Transferências Correntes                                       "
"191102","Multas Previstas na Lei Geral das Telecomunicações                    "
"171458","Transferências referentes ao Programa de Apoio a Aquisição de Equipame"
"171956","Transferências Decorrentes de Decisão Judicial (precatórios) Relativas"
"172252","Cota-parte Royalties - Compensação Financeira pela Produção do Petróle"
"176199","Outras Transferências de Convênios do Exterior - Não Especificadas Ant"
"179199","Outras Transferências de Pessoas Físicas                              "
"222100","Alienação de Bens Imóveis                                             "
"179200","Transferências Provenientes de Depósitos Não Identificados            "
"212999","Outras Operações de Crédito - Mercado Externo                         "
"291101","Integralização de Capital Social                                      "
"179151","Transferências de Pessoas Físicas - Programas de Educação             "
"179999","Outras Transferências Correntes                                       "
"174150","Transferências de Convênios de Instituições Privadas para Programas de"
"191101","Multas Previstas em Legislação Específica                             "
"191106","Multas por Danos Ambientais                                           "
"191103","Multas Previstas na Legislação do Seguro-Desemprego e Abono Salarial  "
"191105","Multas Previstas em Lei por Infrações no Setor de Energia Elétrica    "
"174101","Transferências de Instituições Privadas para Órgãos e Entidades da Uni"
"176101","Transferências do Exterior para Órgãos e Entidades da União           "
"179100","Transferências de Pessoas Físicas                                     "
"135104","Royalties pela Comercialização de Produtos Resultantes de Criação Prot"
"139900","Outras Receitas Patrimoniais                                          "
"223101","Alienação de Bens Intangíveis                                         "
"762102","Serviços de Transporte de Passageiros ou Mercadorias                  "
"231100","Amortização de Empréstimos                                            "
"231102","Amortização Proveniente da Execução de Garantia - Operações de Crédito"
"171650","Transferências de Recursos do Fundo Nacional de Assistência Social    "
"221101","Alienação de Títulos, Valores Mobiliários e Aplicações Congêneres Temp"
"791101","Multas Previstas em Legislação Específica                             "
"212255","Operações de Crédito Externas para Refinanciamento da Dívida Contratua"
"221301","Alienação de Bens Móveis e Semoventes                                 "
"171453","Transferências Diretas do FNDE referentes ao Programa Nacional de Apoi"
"172152","Cota-Parte do IPI - Municípios                                        "
"191108","Multas Decorrentes de Sentenças Judiciais                             "
"133399","Outras Delegações dos Serviços de Telecomunicação                     "
"124150","Contribuição para o Custeio do Serviço de Iluminação Pública          "
"131100","Exploração do Patrimônio Imobiliário do Estado                        "
"121101","Contribuição para Financiamento da Seguridade Social - COFINS sobre o "
"164100","Serviços e Atividades Financeiras                                     "
"221102","Alienação de Títulos, Valores Mobiliários e Aplicações Congêneres Perm"
"241454","Transferências de Convênios da União destinadas a Programas de Infraes"
"241950","Transferências da União a Consórcios Públicos                         "
"193100","Bens, Direitos e Valores Incorporados ao Patrimônio Público           "
"243200","Transferências de Convênios dos Municípios e de Suas Entidades        "
"243250","Transferências de Convênios dos Municípios destinados a Programas de S"
"193104","Prêmios Prescritos de Concursos de Prognósticos                       "
"731100","Exploração do Patrimônio Imobiliário do Estado                        "
"990000","Recursos Arrecadados em Exercícios Anteriores                         "
"900000","Recursos Arrecadados em Exercícios Anteriores                         "
"243999","Outras Transferências dos Municípios                                  "
"244101","Transferências de Instituições Privadas para Órgãos e Entidades da Uni"
"721551","Contribuição Patronal - Parcelamentos                                 "
"194199","Outras Multas e Juros de Mora de Alienações de Bens Móveis            "
"194201","Multas e Juros de Mora das Alienações de Bens Imóveis em Geral        "
"173201","Transferências de Convênios dos Municípios e de Suas Entidades para Ór"
"173900","Outras Transferências dos Municípios                                  "
"193102","Alienação de Bens Apreendidos                                         "
"712198","Taxas de Inspeção, Controle e Fiscalização - Outras                   "
"721502","Contribuição Patronal - Servidor Civil                                "
"792399","Outros Ressarcimentos                                                 "
"721550","Contribuição Patronal - Servidor Civil Inativo e Pensionistas         "
"244199","Outras Transferências de Instituições Privadas                        "
"246199","Outras Transferências do Exterior                                     "
"249150","Transferências de Pessoas Físicas para Programas de Saúde             "
"249151","Transferências de Pessoas Físicas para Programas de Educação          "
"171960","Transferências da Política Nacional Aldir Blanc de Fomento à Cultura -"
"131002","Concessão, Permissão, Autorização ou Cessão do Direito de Uso de Bens "
"199901","Aportes Periódicos para Amortização de Déficit Atuarial do RPPS       "
"173999","Outras Transferências dos Municípios                                  "
"172499","Outras Transferências de Convênios dos Estados e DF e de Suas Entidade"
"174199","Outras Transferências de Convênios de Instituições Privadas           "
"242250","Transferências de Convênios dos Estados para o Sistema Único de Saúde "
"175150","Transferências de Recursos do Fundo de Manutenção e Desenvolvimento da"
"175900","Demais Transferências de Outras Instituições Públicasda               "
"179201","Transferências Provenientes de Depósitos Não Identificados            "
"172251","Cota-parte da Compensação Financeira de Recursos Minerais - CFEM      "
"293101","Remuneração das Disponibilidades do Tesouro                           "
"294101","Resgate de Títulos do Tesouro                                         "
"299999","Outras Receitas de Capital                                            "
"711200","Impostos sobre o Patrimônio                                           "
"731101","Aluguéis, Arrendamentos, Foros, Laudêmios, Tarifas de Ocupação        "
"135101","Outorga de Direito de Uso ou de Exploração de Criação Protegida - Inst"
"132102","Remuneração de Depósitos Especiais                                    "
"132105","Juros de Títulos de Renda                                             "
"171955","Outras Transferências para Segurança Pública                          "
"171350","Transferências de Recursos do Sistema Único de Saúde - SUS - Repasses "
"171958","Transferência Obrigatória Decorrente da Lei Complementar nº 176/2020  "
"172253","Outras Transferências Decorrentes de Compensações Financeiras         "
"172952","Transferências de Recursos Destinados a Programas de Educação         "
"192212","Restituição de Depósitos de Setenças Judiciais não Sacados            "
"171198","Cota-Parte do Imposto Sobre Operações de Crédito, Câmbio e Seguro, ou "
"192251","Restituições de Recursos Recebidos do FUNDEB                          "
"242950","Transferências dos Estados e Distrito Federal a Consórcios Públicos   "
"162103","Serviços Portuários                                                   "
"244150","Transferências de Convênios de Instituições Privadas Destinados a Prog"
"161150","Serviços de Administração Previdenciária                              "
"772000","Transferências dos Estados e do Distrito Federal e de suas Entidades  "
"161101","Serviços Administrativos e Comerciais Gerais                          "
"161102","Inscrição em Concursos e Processos Seletivos                          "
"151000","Receita Industrial                                                    "
"792300","Ressarcimentos                                                        "
"179900","Outras Transferências Correntes                                       "
"191100","Multas Administrativas, Contratuais e Judiciais                       "
"122106","Contribuição sobre as Receitas de Concessionárias e Permissionárias de"
"761101","Serviços Administrativos e Comerciais Gerais                          "
"164101","Retorno de Operações, Juros e Encargos Financeiros                    "
"164102","Concessão de Avais, Garantias e Seguros                               "
"169900","Outros Serviços                                                       "
"244151","Transferências de Convênios de Instituições Privadas Destinados a Prog"
"121503","Contribuição do Servidor Civil - Parcelamentos                        "
"199902","Aportes Periódicos para Compensações ao RGPS                          "
"199904","Contribuição ao Montepio Civil                                        "
"194300","Multas e Juros de Mora das Alienações de Bens Intangíveis             "
"194400","Multas e Juros de Mora das Amortizações de Empréstimos                "
"194402","Multas e Juros de Mora de Amortização Proveniente da Execução de Garan"
"194405","Multas e Juros de Mora de Amortização de Empréstimos - Programa das Op"
"241300","Transferências de Recursos do Fundo Nacional de Assistência Social ¿ F"
"199999","Outras Receitas                                                       "
"299900","Outras Receitas de Capital                                            "
"194101","Multas e Juros de Mora da Alienação de Investimentos                  "
"194200","Multas e Juros de Mora das Alienações de Bens Imóveis                 "
"194202","Multas e Juros de Mora das Alienações de Bens Imóveis - Programa de Ad"
"171456","Transferências referentes ao  Programa de Apoio aos Sistemas de Ensino"
"171459","Transferências referentes ao Programa de Apoio à Reestruturação da Red"
"171499","Outras Transferências Diretas do Fundo Nacional do Desenvolvimento da "
"171551","Transferências de Recursos de Complementação da União ao Fundeb - VAAF"
"799900","Outras Receitas Correntes                                             "
"763000","Serviços e Atividades Referentes à Saúde                              "
"194407","Multas e Juros de Mora de Amortização de Financiamentos               "
"194999","Multas e Juros de Outras Receitas de Capital                          "
"194406","Multas e Juros de Mora de Amortização de Empréstimos Contratuais      "
"173299","Outras Transferências de Convênios dos Municípios e de Suas Entidades "
"192213","Restituição de Contribuições para a Previdência Complementar do Servid"
"194100","Multas e Juros de Mora das Alienações de Bens Móveis                  "
"194102","Multas e Juros da Alienação de Estoques                               "
"171500","Transferências de Recursos de Complementação da União ao Fundo de Manu"
"172900","Outras Transferências dos Estados e Distrito Federal                  "
"122199","Outras Contribuições Econômicas                                       "
"171452","Transferências Diretas do FNDE referentes ao Programa Nacional de Alim"
"172100","Participação na Receita dos Estados e Distrito Federal                "
"172151","Cota-Parte do IPVA                                                    "
"172999","Outras Transferências dos Estados e DF                                "
"122150","Contribuições Econômicas sobre Commodities                            "
"173150","Transferências de Recursos do Sistema Único de Saúde - SUS            "
"211252","Operações de Crédito Internas para Programas de Saneamento            "
"211253","Operações de Crédito Internas para Programas de Meio Ambiente         "
"761103","Serviços de Registro, Certificação e Fiscalização                     "
"772999","Outras Transferências dos Estados e DF                                "
"763201","Serviços de Assistência à Saúde Suplementar do Servidor Civil         "
"221100","Alienação de Títulos, Valores Mobiliários e Aplicações Congêneres     "
"212201","Operações de Crédito Contratuais - Mercado Externo                    "
"212252","Operações de Crédito Externas para Programas de Saneamento            "
"772900","Outras Transferências dos Estados e Distrito Federal                  "
"211250","Operações de Crédito Internas para Programas de Educação              "
"711400","Impostos sobre a Produção, Circulação de Mercadorias e Serviços       "
"245101","Transferências de Outras Instituições Públicas                        "
"249100","Transferências de Pessoas Físicas                                     "
"249200","Transferências Provenientes de Depósitos Não Identificados            "
"291100","Integralização de Capital Social                                      "
"249900","Outras Transferências de Capital                                      "
"711251","Imposto sobre a Propriedade de Veículos Automotores                   "
"171962","Transferência da Compensação Financeira das Perdas com Arrecadação de "
"194299","Outras Multas e Juros de Mora de Alienações de Bens Imóveis           "
"194301","Multas e Juros da Alienação de Bens Intangíveis                       "
"194401","Multas e Juros de Amortização de Empréstimos - BEA/BIB                "
"194404","Multas e Juros de Mora de Amortização de Empréstimos - Refinanciamento"
"762100","Serviços e Atividades Referentes à Navegação e ao Transporte          "
"249201","Transferências Provenientes de Depósitos Não Identificados            "
"171399","Outras Transferências de Recursos do Sistema Único de Saúde - SUS     "
"199909","Prestação de Contas Eleitorais                                        "
"791100","Multas Administrativas, Contratuais e Judiciais                       "
"791106","Multas por Danos Ambientais                                           "
"763200","Serviços de Assistência à Saúde de Servidores Civis e Militares       "
"192250","Restituições de Recursos Recebidos do SUS                             "
"246151","Transferências do Exterior para Programas de Educação                 "
"249101","Transferências de Pessoas Físicas para Órgãos e Entidades da União    "
"241953","Transferências de Recursos do Fundo Penitenciário Nacional - FUNPEN   "
"199907","Disponibilidades de Recursos do Fundo Social                          "
"712150","Taxa de Fiscalização de Vigilância Sanitária                          "
"243201","Transferências de Convênios dos Municípios e de Suas Entidades para Ór"
"243900","Outras Transferências dos Municípios                                  "
"133401","Concessão dos Serviços de Geração, Transmissão ou Distribuição de Ener"
"212250","Operações de Crédito Externas para Programas de Educação              "
"212253","Operações de Crédito Externas para Programas de Meio Ambiente         "
"162100","Serviços e Atividades Referentes à Navegação e ao Transporte          "
"241959","Transferência de Recursos do Fundo de Amparo ao Trabalhador - FAT     "
"761150","Serviços de Administração Previdenciária                              "
"711252","Imposto sobre Transmissão ""Causa Mortis"" e Doação de Bens e Direitos  "
"161001","Serviços Administrativos e Comerciais Gerais                          "
"174100","Transferências de Instituições Privadas                               "
"163199","Outros Serviços de Atendimento à Saúde                                "
"161103","Serviços de Registro, Certificação e Fiscalização                     "
"161104","Serviços de Informação e Tecnologia                                   "
"161105","Serviços Técnicos e Aprovação de Laudos de Telecomunicações           "
"171799","Outras Transferências de Convênios da União e de Suas Entidades       "
"172198","Transferências Decorrentes de Participação em Outras Receitas de Impos"
"241199","Outras Transferências de Recursos do Sistema Único de Saúde - SUS     "
"231000","Amortização de Empréstimos                                            "
"191104","Multas Previstas na Legislação sobre Defesa dos Direitos Difusos      "
"112198","Taxas de Inspeção, Controle e Fiscalização - Outras                   "
"199912","Encargos Legais pela Inscrição em Dívida Ativa e Receitas de Ônus de S"
"171455","Transferências referentes ao Programa Brasil Alfabetizado - PBA       "
"241900","Outras Transferências de Recursos da União e de suas Entidades        "
"241999","Outras Transferências De Recursos da União e de suas Entidades        "
"171151","Cota-Parte do Fundo de Participação dos Municípios - FPM              "
"171299","Outras Transferências decorrentes de Compensação Financeira pela Explo"
"241450","Transferências de Convênios da União para o Sistema Único de Saúde -  "
"241452","Transferências de Convênios da União destinadas a Programas de Saneame"
"241453","Transferências de Convênios da União destinadas a Programas de Meio Am"
"172401","Transferências de Convênios dos Estados e DF e de Suas Entidades para "
"112252","Taxa de Estudo de Impacto de Vizinhança (EIV)                         "
"171701","Transferências de Convênios da União e de Suas Entidades              "
"249999","Outras Transferências de Capital                                      "
"711250","Imposto sobre a Propriedade Predial e Territorial Urbana              "
"242299","Outras Transferências de Convênios dos Estados e DF e de Suas Entidade"
"243252","Transferências de Convênios dos Municípios destinadas a Programas de S"
"772400","Transferências de Convênios dos Estados e DF e de Suas Entidades      "
"113199","Outras Contribuições de Melhoria                                      "
"241100","Transferências de Recursos do Sistema Único de Saúde - SUS            "
"241200","Transferências de Recursos do Fundo Nacional do Desenvolvimento da Edu"
"241250","Transferências de Recursos Destinados a Programas de Educação         "
"241400","Transferências de Convênios da União e de suas Entidades              "
"769900","Outros Serviços                                                       "
"761100","Serviços Administrativos e Comerciais Gerais                          "
"131001","Exploração do Patrimônio Imobiliário do Estado                        "
"123100","Contribuições para Entidades Privadas de Serviço Social e de Formação "
"111250","Imposto sobre a Propriedade Predial e Territorial Urbana              "
"133302","Delegação dos Serviços de Telecomunicação - Atividade Ordenadora no Re"
"112250","Taxas Judiciais                                                       "
"121102","Contribuição para Financiamento da Seguridade Social - COFINS sobre o "
"121699","Contribuição para Fundos de Assistência Médico-Hospitalar e Social    "
"121550","Contribuição Patronal - Servidor Civil Inativo e Pensionistas         "
"123150","Contribuições para Entidades Privadas de Serviço Social e de Formação "
"122100","Contribuições Econômicas                                              "
"111251","Imposto sobre a Propriedade de Veículos Automotores                   "
"139999","Outras Receitas Patrimoniais                                          "
"171750","Transferências de Convênios da União para o Sistema Único de Saúde - S"
"171753","Transferências de Convênios da União Destinadas a Programas de Combate"
"151100","Receita Industrial                                                    "
"151101","Receita Industrial                                                    "
"161100","Serviços Administrativos e Comerciais Gerais                          "
"171999","Outras Transferências de Recursos da União e de suas Entidades        "
"172200","Transferências das Compensações Financeiras pela Exploração de Recurso"
"162101","Serviços de Navegação                                                 "
"172250","Transferência da Cota-parte da Compensação Financeira (25%)           "
"172350","Transferências de Recursos do Sistema Único de Saúde - SUS            "
"172950","Transferências de Estados a Consórcios Públicos                       "
"169099","Outros Serviços                                                       "
"111252","Imposto sobre Transmissão ""Causa Mortis"" e Doação de Bens e Direitos  "
"111452","Imposto sobre Vendas a Varejo de Combustíveis Líquidos e Gasosos (IVVC"
"111253","Imposto sobre Transmissão ""Inter Vivos"" de Bens Imóveis e de Direitos "
"121200","Contribuição para o Programa de Integração Social e para Programa de F"
"121555","Contribuição do Militar - Parcelamentos                               "
"231104","Amortização de Empréstimos - Refinanciamento de Dívidas de Médio e Lon"
"231101","Amortização de Empréstimos - BEA/BIB                                  "
"231105","Amortização de Empréstimos - Programa das Operações Oficiais de Crédit"
"231107","Amortização de Financiamentos                                         "
"112150","Taxa de Fiscalização de Vigilância Sanitária                          "
"113100","Contribuição de Melhoria                                              "
"113151","Contribuição de Melhoria para Expansão da Rede de Iluminação Pública n"
"121556","Contribuição do Militar Oriunda de Sentenças Judiciais                "
"112251","Taxas Extrajudiciais                                                  "
"171454","Transferências referentes ao Programa Nacional de Inclusão de Jovens -"
"241350","Transferências de Recursos do Fundo Nacional de Assistência Social ¿ F"
"241499","Outras Transferências de Convênios da União e de Suas Entidades       "
"171457","Transferências referentes ao  Programa Nacional de Saúde do Escolar - "
"171552","Transferências de Recursos de Complementação da União ao Fundeb - VAAR"
"121551","Contribuição Patronal - Parcelamentos                                 "
"111999","Outros Impostos                                                       "
"133305","Cessão do Direito de Exploração de Satélite Brasileiro                "
"164103","Remuneração sobre Repasse para Programas de Desenvolvimento Econômico "
"131101","Aluguéis, Arrendamentos, Foros, Laudêmios, Tarifas de Ocupação        "
"171951","Transferência Financeira do ICMS - Desoneração - L.C. Nº 87/96        "
"171351","Transferências de Recursos do Sistema Único de Saúde - SUS - Repasses "
"134300","Petróleo - Regime de Partilha de Produção                             "
"790000","Outras Receitas Correntes                                             "
"799000","Demais Receitas Correntes                                             "
"134502","Concessão de Uso do Potencial de Energia Hidráulica                   "
"171752","Transferências de Convênios da União Destinadas a Programas de Assistê"
"162104","Serviços Aeroportuários                                               "
"171600","Transferências de Recursos do Fundo Nacional de Assistência Social    "
"171200","Transferência da Compensação Financeira pela Exploração de Recursos Na"
"171251","Cota-parte da Compensação Financeira de Recursos Minerais - CFEM      "
"173000","Transferências dos Municípios e de suas Entidades                     "
"133303","Delegação dos Serviços de Radiodifusão Sonora e de Sons e Imagens     "
"135103","Royalties pela Exploração do Patrimônio Genético ou Conhecimento Tradi"
"163152","Serviços Radiológicos e Laboratoriais                                 "
"171300","Transferências de Recursos do Sistema Único de Saúde - SUS            "
"163153","Serviços Ambulatoriais                                                "
"141000","Receita Agropecuária                                                  "
"141101","Receita Agropecuária                                                  "
"171900","Outras Transferências de Recursos da União e de suas Entidades        "
"171952","Transferências da União a Consórcios Públicos                         "
"171953","Transferência de Recursos do Fundo Penitenciário Nacional - Fupen     "
"132101","Remuneração de Depósitos Bancários                                    "
"132104","Remuneração dos Recursos do Regime Próprio de Previdência Social - RPP"
"133400","Concessão para Prestação de Serviços de Energia Elétrica              "
"133306","Transferência da Delegação dos Serviços de Telecomunicações ou do Dire"
"171252","Cota-parte da Compensação Financeira pela Produção de Petróleo        "
"163100","Serviços de Atendimento à Saúde                                       "
"163151","Serviços de Registro, Análise e Controle da Saúde                     "
"134500","Exploração de Recursos Hídricos                                       "
"134501","Outorga de Direitos de Uso de Recursos Hídricos                       "
"134000","Exploração de Recursos Naturais                                       "
"111400","Impostos sobre a Produção, Circulação de Mercadorias e Serviços       "
"134100","Petróleo - Regime de Concessão                                        "
"134101","Outorga de Exploração e Produção de Petróleo e Gás Natural - Regime de"
"134401","Outorga de Direitos de Exploração e Pesquisa Mineral                  "
"134402","Compensação Financeira pela Exploração de Recursos Minerais           "
"133301","Delegação dos Serviços de Telecomunicação - Poder Concedente no Regime"
"172000","Transferências dos Estados e do Distrito Federal e de suas Entidades  "
"122000","Contribuições Econômicas                                              "
"133900","Demais Delegações de Serviços Públicos                                "
"112200","Taxas pela Prestação de Serviços                                      "
"112201","Taxas pela Prestação de Serviços                                      "
"133103","Delegação para a Prestação dos Serviços de Transporte Metroviário     "
"121100","Contribuição para Financiamento da Seguridade Social - COFINS         "
"133304","Cessão do Direito de Uso de Radiofrequência                           "
"711300","Impostos sobre a Renda e Proventos de Qualquer Natureza               "
"711302","Imposto sobre a Renda de Pessoa Jurídica - IRPJ - Líquida de Incentivo"
"712000","Taxas                                                                 "
"134104","Participação Especial pela Produção de Petróleo - Contrato de Concessã"
"134203","Royalties Excedentes pela Produção de Petróleo - Cessão Onerosa - Decl"
"113000","Contribuição de Melhoria                                              "
"121202","Contribuição para o PIS/PASEP - Contribuintes Optantes pelo Simples Na"
"133307","Concessão de Licenças e Autorizações da Agência Espacial Brasileira   "
"133999","Outras Delegações de Serviços Públicos                                "
"712201","Taxas pela Prestação de Serviços                                      "
"111302","Imposto sobre a Renda de Pessoa Jurídica - IRPJ - Líquida de Incentivo"
"133105","Delegação para a Prestação dos Serviços de Transporte Aeroviário      "
"134600","Exploração de Recursos Florestais                                     "
"111450","Impostos sobre a Produção, circulação de Mercadorias e Serviços       "
"710000","Impostos, Taxas e Contribuições de Melhoria - Intra                   "
"112801","Taxas de Inspeção, Controle e Fiscalização                            "
"111451","Imposto sobre Serviços                                                "
"113152","Contribuição de Melhoria para Expansão de Rede de Iluminação Pública R"
"121554","Contribuição Patronal - Militar - Parcelamentos                       "
"133104","Delegação para a Prestação dos Serviços de Transporte Aquaviário      "
"134200","Petróleo - Regime de Cessão Onerosa                                   "
"134202","Royalties Mínimos pela Produção de Petróleo - Cessão Onerosa - Declara"
"134103","Royalties Excedentes pela Produção de Petróleo - Contrato de Concessão"
"111300","Impostos sobre a Renda e Proventos de Qualquer Natureza               "
"111301","Imposto sobre a Renda de Pessoa Física - IRPF                         "
"121553","Contribuição Patronal - Militar                                       "
"121552","Contribuição dos Militares e Pensionistas para Previdência Militar de "
"112151","Taxa de Saúde Suplementar                                             "
"113150","Contribuição de Melhoria para Expansão da Rede de Água Potável e Esgot"
"290000","Outras Receitas de Capital                                            "
"133203","Delegação para Exploração da Infraestrutura de Transporte Aquaviário  "
"170000","Transferências Correntes                                              "
"171000","Transferências da União e de suas Entidades                           "
"720000","Contribuições                                                         "
"761000","Serviços Administrativos e Comerciais Gerais                          "
"112104","Taxa de Controle e Fiscalização Ambiental                             "
"112105","Taxa de Controle e Fiscalização da Pesca e Aquicultura                "
"133204","Delegação para Exploração da Infraestrutura Aeroportuária             "
"112101","Taxas de Inspeção, Controle e Fiscalização                            "
"221200","Alienação de Estoques                                                 "
"221201","Alienação de Estoques da Política de Garantia de Preços Mínimos - PGPM"
"243000","Transferências dos Municípios e de suas Entidades                     "
"134400","Exploração de Recursos Minerais                                       "
"192301","Ressarcimento por Operadoras de Seguros Privados de Assistência a Saúd"
"192302","Ressarcimento de Custos                                               "
"192303","Reversão de Garantias                                                 "
"111200","Impostos sobre o Patrimônio                                           "
"134999","Outras Delegações para Exploração de Recursos Naturais                "
"134900","Exploração de Outros Recursos Naturais                                "
"134901","Compensações Ambientais                                               "
"192200","Restituições                                                          "
"192201","Restituição de Convênios                                              "
"293000","Remuneração das Disponibilidades do Tesouro                           "
"192206","Restituição de Despesas de Exercícios Anteriores                      "
"134102","Royalties Mínimos pela Produção de Petróleo - Contrato de Concessão   "
"164000","Serviços e Atividades Financeiras                                     "
"111900","Outros Impostos                                                       "
"291000","Integralização de Capital Social                                      "
"130000","Receita Patrimonial                                                   "
"131000","Exploração do Patrimônio Imobiliário do Estado                        "
"121601","Contribuição para Fundos de Assistência Médico-Hospitalar e Social    "
"299000","Demais Receitas de Capital                                            "
"192100","Indenizações                                                          "
"192101","Indenizações por Danos Causados ao Patrimônio Público                 "
"192102","Indenização por Posse ou Ocupação Ilícita de Bens Públicos            "
"192203","Restituição de Benefícios Previdenciários                             "
"192204","Restituição de Benefícios Assistenciais                               "
"192205","Restituição de Contribuições Previdenciárias Complementares           "
"200000","Receitas de Capital                                                   "
"211000","Operações de Crédito - Mercado Interno                                "
"244000","Transferências de Instituições Privadas                               "
"112103","Taxa de Controle e Fiscalização de Produtos Químicos                  "
"294000","Resgate de Títulos do Tesouro                                         "
"192103","Indenização por Sinistro                                              "
"150000","Receita Industrial                                                    "
"140000","Receita Agropecuária                                                  "
"193000","Bens, Direitos e Valores Incorporados ao Patrimônio Público           "
"139000","Demais Receitas Patrimoniais                                          "
"192202","Restituição de Benefícios Não Desembolsados                           "
"174000","Transferências de Instituições Privadas                               "
"175000","Transferências de Outras Instituições Públicas                        "
"132300","Participações                                                         "
"132900","Outros Valores Mobiliários                                            "
"241000","Transferências da União e de suas Entidades                           "
"112000","Taxas                                                                 "
"112102","Taxas de Fiscalização das Telecomunicações                            "
"132100","Juros e Correções Monetárias                                          "
"133300","Delegação dos Serviços de Telecomunicação                             "
"100000","Receitas Correntes                                                    "
"112800","Taxas - Específicas de Estados, DF e Municípios                       "
"246000","Transferências do Exterior                                            "
"721000","Contribuições Sociais                                                 "
"762000","Serviços e Atividades Referentes à Navegação e ao Transporte          "
"169000","Outros Serviços                                                       "
"110000","Impostos, Taxas e Contribuições de Melhoria                           "
"163000","Serviços e Atividades Referentes à Saúde                              "
"712200","Taxas pela Prestação de Serviços                                      "
"132200","Dividendos                                                            "
"210000","Operações de Crédito                                                  "
"192299","Outras Restituições                                                   "
"192300","Ressarcimentos                                                        "
"133000","Delegação de Serviços Públicos Mediante Concessão, Permissão, Autoriza"
"120000","Contribuições                                                         "
"121000","Contribuições Sociais                                                 "
"192000","Indenizações, Restituições e Ressarcimentos                           "
"133100","Delegação para a Prestação dos Serviços de Transporte                 "
"133101","Delegação para a Prestação dos Serviços de Transporte Rodoviário      "
"121501","Contribuição Servidor Civil                                           "
"111000","Impostos                                                              "
"730000","Receita Patrimonial                                                   "
"731000","Exploração do Patrimônio Imobiliário do Estado                        "
"132000","Valores Mobiliários                                                   "
"199000","Demais Receitas Correntes                                             "
"192199","Outras Indenizações                                                   "
"192399","Outros Ressarcimentos                                                 "
"176000","Transferências do Exterior                                            "
"133202","Delegação para Exploração da Infraestrutura de Transporte Ferroviário "
"221202","Alienação de Estoques Comerciais Destinados a Programas Sociais       "
"112100","Taxas pelo Exercício do Poder de Polícia                              "
"192210","Restituição Decorrente da Não Aplicação de Incentivos Fiscais         "
"199099","Demais Receitas Correntes                                             "
"111303","Imposto sobre a Renda - Retido na Fonte                               "
"121603","Contribuição para Fundos de Assistência Médico-Hospitalar e Social    "
"211200","Operações de Crédito Contratuais - Mercado Interno                    "
"220000","Alienação de Bens                                                     "
"221000","Alienação de Bens Móveis                                              "
"792200","Restituições                                                          "
"791000","Multas Administrativas, Contratuais e Judiciais                       "
"134301","Outorga dos Serviços de Exploração e Produção de Petróleo e Gás Natura"
"134302","Royalties pela Produção de Petróleo - Partilha de Produção - Declaraçã"
"242000","Transferências dos Estados e do Distrito Federal e de suas Entidades  "
"134602","Concessão de Florestas Não Catalogadas como ¿Florestas Nacionais¿     "
"212900","Outras Operações de Crédito - Mercado Externo                         "
"121500","Contribuições para  Regimes Próprios de Previdência e Sistema de Prote"
"121600","Contribuição para Fundos de Assistência Médico-Hospitalar e Social    "
"121602","Contribuição para Fundos de Assistência Médico-Hospitalar e Social    "
"211900","Outras Operações de Crédito - Mercado Interno                         "
"212000","Operações de Crédito - Mercado Externo                                "
"171253","Cota-parte do bônus de assinatura de contrato de partilha de produção "
"211201","Operações de Crédito Contratuais - Mercado Interno                    "
"121401","Contribuição Previdenciária Empregador                                "
"770000","Transferências Correntes Intra Orçamentária                           "
"792000","Indenizações, Restituições e Ressarcimentos                           "
"792201","Restituição de Convênios                                              "
"711000","Impostos Intra                                                        "
"760000","Receita de Serviços                                                   "
"223000","Alienação de Bens Intangíveis                                         "
"121201","Contribuição para o PIS/PASEP - Contribuintes Não Optantes pelo Simple"
"230000","Amortização de Empréstimos                                            "
"135000","Exploração do Patrimônio Intangível                                   "
"190000","Outras Receitas Correntes                                             "
"191000","Multas Administrativas, Contratuais e Judiciais                       "
"134503","Compensação Financeira com a Exploração de Recursos Hídricos          "
"162000","Serviços e Atividades Referentes à Navegação e ao Transporte          "
"133102","Delegação para a Prestação dos Serviços de Transporte Ferroviário     "
"112202","Emolumentos e Custas Judiciais                                        "
"700000","Receitas Correntes Intra Orçamentária                                 "
"192304","Ressarcimento ao Regime Geral de Previdência Social - RGPS            "
"111201","Imposto sobre a Propriedade Territorial Rural                         "
"211800","Empréstimos Compulsórios                                              "
"123000","Contribuições para Entidades Privadas de Serviço Social e de Formação "
"124000","Contribuição para o Custeio do Serviço de Iluminação Pública          "
"121700","Contribuições sobre Concursos de Prognósticos e Sorteios              "
"999000","Recursos Arrecadados em Exercícios Anteriores                         "
"160000","Receita de Serviços                                                   "
"161000","Serviços Administrativos e Comerciais Gerais                          "
"192211","Restituição Decorrente da Aplicação Irregular de Recursos Eleitorais  "
"133200","Delegação dos Serviços de Infraestrutura                              "
"133201","Delegação para Exploração da Infraestrutura de Transporte Rodoviário  "
"221203","Alienação de Estoques do Programa de Aquisição de Alimentos - PAA     "
"221204","Alienação de Estoques de Café - FUNCAFÉ                               "
"712100","Taxas pelo Exercício do Poder de Polícia                              "
"712101","Taxas de Inspeção, Controle e Fiscalização                            "
"769000","Outros Serviços                                                       "
"211801","Empréstimos Compulsórios                                              "
"113153","Contribuição de Melhoria para Pavimentação e Obras Complementares     "
"171954","Transferências de Recursos do Fundo Nacional de Segurança Pública - FN"
"211251","Operações de Crédito Internas para Programas de Saúde                 "
"211254","Operações de Crédito Internas para Programas de Modernização da Admini"
"721501","Contribuição do Servidor Civil                                        "
"772401","Transferência de Convênios dos Estados e do Distrito Federal e de Suas"
"241151","Transferências de Recursos do Sistema Único de Saúde ¿ SUS - Fundo a F"
"221300","Alienação de Bens Móveis e Semoventes                                 "
"222000","Alienação de Bens Imóveis                                             "
"192207","Restituição de Parcelas do Seguro Desemprego Recebidas Indevidamente  "
"245000","Transferências de Outras Instituições Públicas                        "
"240000","Transferências de Capital                                             "
"212200","Operações de Crédito Contratuais - Mercado Externo                    "
